﻿<?xml version="1.0" encoding="UTF-8"?>
<addon
  id="visualization.waveform"
  version="1.0.0"
  name="Waveform"
  provider-name="MrC">
  <extension
    point="xbmc.player.musicviz"
    library_xbox="Waveform.vis"/>
  <extension point="xbmc.addon.metadata">
    <summary>Visualisation showing 2 Waveform Graphs on the screen</summary>
    <description>Waveform is a simple Visualisation showing 2 Waveform Graphs on the screen, One each for Left and Right channels that move to the beat of the music</description>
    <disclaimer></disclaimer>
    <platform>xbox</platform>
  </extension>
</addon>
