<?xml version="1.0" encoding="UTF-8" standalone="yes"?>
<addon id="repository.xbmc4xbox.org" name="XBMC4Xbox Add-on repository" version="1.0" provider-name="Nikola Antonic (antonic901)">
    <extension point="xbmc.addon.repository" name="Official XBMC4Xbox Add-on Repository">
      <info compressed="false">https://raw.githubusercontent.com/antonic901/repository.xbmc4xbox/master/repo/zips/addons.xml</info>
      <checksum>https://raw.githubusercontent.com/antonic901/repository.xbmc4xbox/master/repo/zips/addons.xml.md5</checksum>
      <datadir zip="true">https://raw.githubusercontent.com/antonic901/repository.xbmc4xbox/master/repo/zips/</datadir>
      <hashes>true</hashes>
    </extension>
    <extension point="xbmc.addon.metadata">
        <summary>Install Add-ons from XBMC4Xbox repository</summary>
        <description>Download and install add-ons from the Official XBMC4Xbox addon repository.[CR]  By using the official Repository you will be able to take advantage of our extensive file mirror service to help get you faster downloads from a region close to you.[CR]  All addons on this repository have under gone basic testing, if you find a broken or not working addon please report it to Team XBMC so we can take any action needed.</description>
        <disclaimer></disclaimer>
        <platform>xbox</platform>
        <assets>
            <icon>icon.png</icon>
            <fanart>fanart.jpg</fanart>
        </assets>
    </extension>
</addon>