<?xml version='1.0' encoding='UTF-8' standalone='yes'?>
<addon id="script.common.plugin.cache" name="Common plugin cache" provider-name="TheCollective" version="1.5.2">
  <requires>
    <import addon="xbmc.python" version="2.0" />
  </requires>
  <extension library="default.py" point="xbmc.service" start="startup">
  </extension>
  <extension point="xbmc.addon.metadata">
    <platform>all</platform>
    <summary lang="en">Common caching api for xbmc plugins.</summary>
  </extension>
  <extension library="lib" point="xbmc.python.module" />
</addon>