<?xml version="1.0" encoding="UTF-8"?>
<addon
  id="screensaver.matrixtrails"
  version="1.0.0"
  name="Matrix trails"
  provider-name="spiff, Team XBMC">
  <requires>
    <c-pluff version="0.1"/>
  </requires>
  <extension
    point="xbmc.ui.screensaver"
    library_xbox="MatrixTrails.xbs"/>
  <extension point="xbmc.addon.metadata">
    <summary>Matrix trails screensaver</summary>
    <description>The &quot;digital rain&quot; effect, as seen on the computer monitors in &quot;The Matrix&quot;.[CR][CR]In its settings you can also define your own colors and sizes of rain.</description>
    <disclaimer></disclaimer>
    <platform>xbox</platform>
  </extension>
</addon>
