<?xml version="1.0" encoding="UTF-8"?>
<addon
  id="screensaver.shadeworm"
  version="1.0.0"
  name="ShadeWorm"
  provider-name="Team XBMC">
  <requires>
    <c-pluff version="0.1"/>
  </requires>
  <extension
    point="xbmc.ui.screensaver"
    library_xbox="ShadeWorm.xbs"/>
  <extension point="xbmc.addon.metadata">
    <summary>ShadeWorm screensaver</summary>
    <description>ShadeWorm screensaver.</description>
    <disclaimer></disclaimer>
    <platform>xbox</platform>
  </extension>
</addon>
