<?xml version="1.0" encoding="UTF-8" standalone="yes"?>
<addon id="plugin.music.radio" name="Radio" version="1.0.0" provider-name="antonic901">
	<requires>
		<import addon="xbmc.python" version="2.7.11"/>
        <import addon="script.module.xbmcswift2" version="2.4.0" />
	</requires>
	<extension point="xbmc.python.pluginsource" library="default.py">
		<provides>audio</provides>
	</extension>
	<extension point="xbmc.addon.metadata">
		<platform>xbox</platform>
        <website>http://fmstream.org</website>
        <license>GPL-2.0-only</license>
        <summary>FMStream Radio</summary>
        <description>Music plugin to access over 30000 international radio broadcasts from fmstream.org</description>
	</extension>
</addon>
