<?xml version="1.0" encoding="UTF-8"?>
<addon
  id="screensaver.greynetic"
  version="1.0.0"
  name="Greynetic"
  provider-name="spiff, Team XBMC">
  <requires>
    <c-pluff version="0.1"/>
  </requires>
  <extension
    point="xbmc.ui.screensaver"
    library_xbox="GreyNetic.xbs"/>
  <extension point="xbmc.addon.metadata">
    <summary>Draw random color rectangles</summary>
    <description>Colored and transparent rectangles.</description>
    <disclaimer></disclaimer>
    <platform>xbox</platform>
  </extension>
</addon>
