<?xml version="1.0" encoding="UTF-8"?>
<addon
  id="screensaver.planestate"
  version="1.0.0"
  name="PlaneState"
  provider-name="Joakim Eriksson, Team XBMC">
  <requires>
    <c-pluff version="0.1"/>
  </requires>
  <extension
    point="xbmc.ui.screensaver"
    library_xbox="Planestate.xbs"/>
  <extension point="xbmc.addon.metadata">
    <summary>PlaneState screensaver</summary>
    <description>PlaneState screensaver</description>
    <disclaimer></disclaimer>
    <platform>xbox</platform>
  </extension>
</addon>
