<?xml version="1.0" encoding="UTF-8"?>
<addon
  id="screensaver.pmblobs"
  version="1.0.0"
  name="pmBlobs"
  provider-name="Team XBMC">
  <requires>
    <c-pluff version="0.1"/>
  </requires>
  <extension
    point="xbmc.ui.screensaver"
    library_xbox="pmBlobs.xbs"/>
  <extension point="xbmc.addon.metadata">
    <summary>Metaballs moving around</summary>
    <description>pmBlobs is a screensaver displaying metaballs moving around inside a cube.</description>
    <disclaimer></disclaimer>
    <platform>xbox</platform>
  </extension>
</addon>
