<?xml version="1.0" encoding="UTF-8" standalone="yes"?>
<addon id="plugin.program.thumbnails"
       name="Thumbnails"
       version="1.2.0"
       provider-name="Dan Dar3">
  <requires>
    <import addon="xbmc.python" version="1.0"/>
    <import addon="script.module.beautifulsoup" version="3.0.8"/>
  </requires>
  <extension point="xbmc.python.pluginsource" library="addon.py">
    <provides>executable</provides>
  </extension>
  <extension point="xbmc.addon.metadata">
    <platform>all</platform>
    <minversion>30559</minversion>
    <summary lang="en">Thumbnails</summary>
    <description lang="en">Thumbnails cleaner. Removes cached thumbnails for entries not in your library anymore.</description>
  </extension>
  <statfeed>
    <working>yes</working>
	<notes></notes>
	<maintainer></maintainer>
  </statfeed>
</addon>