<?xml version="1.0" encoding="UTF-8"?>
<addon
  id="screensaver.asterwave"
  version="1.0.0"
  name="Aster Wave"
  provider-name="Asteron, Team XBMC">
  <requires>
    <c-pluff version="0.1"/>
  </requires>
  <extension
    point="xbmc.ui.screensaver"
    library_xbox="AsterWave.xbs"/>
  <extension point="xbmc.addon.metadata">
    <summary>A mesmerizing particle effects saver</summary>
    <description>A field of liquid that deforms realistically to changes in height using actual physics equations. Asteron: This code is adapted from a project I did for a graphics course in 2000. In beta testing this has garnered a lot of praise and I hope for it to replace cpBlobs as the most popular screensaver.</description>
    <description lang="nl">Dit is een zeer fascinerende screensaver. Je kunt ongeloofelijk veel verschillende patronen bekomen.</description>
    <disclaimer></disclaimer>
    <platform>xbox</platform>
  </extension>
</addon>
