<?xml version="1.0" encoding="UTF-8" standalone="yes"?>
<addon id="plugin.program.notepad"
       name="Notepad"
       version="1.4.0"
       provider-name="Dan Dar3">
  <requires>
    <import addon="xbmc.python" version="1.0"/>
  </requires>
  <extension point="xbmc.python.pluginsource" library="addon.py">
    <provides>executable</provides>
  </extension>
  <extension point="xbmc.addon.metadata">
    <platform>all</platform>
    <minversion>28764</minversion>
    <summary lang="en">Notepad</summary>
    <description lang="en">Simple text editor.</description>
  </extension>
  <statfeed>
    <working>yes</working>
	<notes></notes>
	<maintainer></maintainer>
  </statfeed>
</addon>