<?xml version="1.0" encoding="UTF-8" standalone="yes"?>
<addon id="script.popcornbox"
       name="Stream Movies and TV Shows"
       version="0.0.2"
       provider-name="Nikola Antonic (antonic901)">
	<requires>
		<import addon="xbmc.python" version="2.7.11" />
	</requires>
	<extension point="xbmc.python.script" library="default.py">
		<provides>executable</provides>
	</extension>
	<extension point="xbmc.addon.metadata">
			<summary lang="en">Streaming service for Xbox</summary>
			<description lang="en">This script is used for streaming movies and TV shows on Xbox.</description>
			<platform>xbox</platform>
	</extension>
</addon>
