<?xml version="1.0" encoding="UTF-8"?>
<addon
  id="screensaver.drempels"
  version="1.0.0"
  name="Drempels"
  provider-name="Team XBMC">
  <requires>
    <c-pluff version="0.1"/>
  </requires>
  <extension
    point="xbmc.ui.screensaver"
    library_xbox="Drempels.xbs"/>
  <extension point="xbmc.addon.metadata">
    <summary>Hallucinatory desktop enhancer</summary>
    <description>A hallucinatory desktop enhancer - bring your wallpaper to life with graceful, swirling imagery. Runs beautifully as animated wallpaper, or as a screensaver.</description>
    <disclaimer></disclaimer>
    <platform>xbox</platform>
  </extension>
</addon>
