<?xml version="1.0" encoding="UTF-8"?>
<includes>
	<include name="WidgetRecentlyAddedMovies">
		<definition>
			<include content="CategoryLabel">
				<param name="label">$PARAM[widget_header]</param>
				<param name="list_id" value="$PARAM[list_id]"/>
			</include>
			<control type="panel" id="$PARAM[list_id]">
				<left>0</left>
				<top>115</top>
				<right>0</right>
				<height>100%</height>
				<include content="WidgetListCommon">
					<param name="list_id" value="$PARAM[list_id]"/>
					<param name="list_orientation" value="vertical"/>
				</include>
				<itemlayout width="310" height="486">
					<control type="group">
						<left>68</left>
						<top>10</top>
						<control type="group">
							<control type="image">
								<left>15</left>
								<top>-10</top>
								<width>290</width>
								<height>400</height>
								<texture background="true">$INFO[ListItem.Icon]</texture>
								<aspectratio>scale</aspectratio>
								<bordertexture border="21">overlays/shadow.png</bordertexture>
								<bordersize>20</bordersize>
							</control>
						</control>
					</control>
				</itemlayout>
				<focusedlayout width="310" height="486">
					<control type="group">
						<depth>DepthContentPopout</depth>
						<left>68</left>
						<top>10</top>
						<animation type="Focus">
							<effect type="zoom" start="100" end="110" time="200" tween="sine" easing="inout" center="230,130" />
						</animation>
						<animation type="Unfocus">
							<effect type="zoom" start="110" end="100" time="200" tween="sine" easing="inout" center="230,130" />
						</animation>
						<control type="group">
							<control type="image">
								<left>11</left>
								<top>-14</top>
								<width>298</width>
								<height>408</height>
								<texture colordiffuse="button_focus">colors/grey.png</texture>
								<bordertexture border="21">overlays/shadow.png</bordertexture>
								<bordersize>20</bordersize>
								<include condition="true">Animation_FocusTextureFade</include>
							</control>
							<control type="image">
								<left>15</left>
								<top>-10</top>
								<width>290</width>
								<height>400</height>
								<texture background="true">$INFO[ListItem.Icon]</texture>
								<aspectratio>scale</aspectratio>
								<bordertexture border="21">overlays/shadow.png</bordertexture>
								<bordersize>20</bordersize>
							</control>
						</control>
					</control>
				</focusedlayout>
				<content>
					<item id="1">
						<label>$INFO[Window.Property(LatestMovie.1.Title)]</label>
						<label2>-</label2>
						<icon>$INFO[Window.Property(LatestMovie.1.Icon)]</icon>
						<thumb>$INFO[Window.Property(LatestMovie.1.Thumb)]</thumb>
						<onclick>PlayMedia($INFO[Window.Property(LatestMovie.1.Path)])</onclick>
						<visible>!String.IsEmpty(Window.Property(LatestMovie.1.Title))</visible>
					</item>
					<item id="2">
						<label>$INFO[Window.Property(LatestMovie.2.Title)]</label>
						<label2>-</label2>
						<icon>$INFO[Window.Property(LatestMovie.2.Icon)]</icon>
						<thumb>$INFO[Window.Property(LatestMovie.2.Thumb)]</thumb>
						<onclick>PlayMedia($INFO[Window.Property(LatestMovie.2.Path)])</onclick>
						<visible>!String.IsEmpty(Window.Property(LatestMovie.2.Title))</visible>
					</item>
					<item id="3">
						<label>$INFO[Window.Property(LatestMovie.3.Title)]</label>
						<label2>-</label2>
						<icon>$INFO[Window.Property(LatestMovie.3.Icon)]</icon>
						<thumb>$INFO[Window.Property(LatestMovie.3.Thumb)]</thumb>
						<onclick>PlayMedia($INFO[Window.Property(LatestMovie.3.Path)])</onclick>
						<visible>!String.IsEmpty(Window.Property(LatestMovie.3.Title))</visible>
					</item>
					<item id="4">
						<label>$INFO[Window.Property(LatestMovie.4.Title)]</label>
						<label2>-</label2>
						<icon>$INFO[Window.Property(LatestMovie.4.Icon)]</icon>
						<thumb>$INFO[Window.Property(LatestMovie.4.Thumb)]</thumb>
						<onclick>PlayMedia($INFO[Window.Property(LatestMovie.4.Path)])</onclick>
						<visible>!String.IsEmpty(Window.Property(LatestMovie.4.Title))</visible>
					</item>
					<item id="5">
						<label>$INFO[Window.Property(LatestMovie.5.Title)]</label>
						<label2>-</label2>
						<icon>$INFO[Window.Property(LatestMovie.5.Icon)]</icon>
						<thumb>$INFO[Window.Property(LatestMovie.5.Thumb)]</thumb>
						<onclick>PlayMedia($INFO[Window.Property(LatestMovie.5.Path)])</onclick>
						<visible>!String.IsEmpty(Window.Property(LatestMovie.5.Title))</visible>
					</item>
					<item id="6">
						<label>$INFO[Window.Property(LatestMovie.6.Title)]</label>
						<label2>-</label2>
						<icon>$INFO[Window.Property(LatestMovie.6.Icon)]</icon>
						<thumb>$INFO[Window.Property(LatestMovie.6.Thumb)]</thumb>
						<onclick>PlayMedia($INFO[Window.Property(LatestMovie.6.Path)])</onclick>
						<visible>!String.IsEmpty(Window.Property(LatestMovie.6.Title))</visible>
					</item>
					<item id="7">
						<label>$INFO[Window.Property(LatestMovie.7.Title)]</label>
						<label2>-</label2>
						<icon>$INFO[Window.Property(LatestMovie.7.Icon)]</icon>
						<thumb>$INFO[Window.Property(LatestMovie.7.Thumb)]</thumb>
						<onclick>PlayMedia($INFO[Window.Property(LatestMovie.7.Path)])</onclick>
						<visible>!String.IsEmpty(Window.Property(LatestMovie.7.Title))</visible>
					</item>
					<item id="8">
						<label>$INFO[Window.Property(LatestMovie.8.Title)]</label>
						<label2>-</label2>
						<icon>$INFO[Window.Property(LatestMovie.8.Icon)]</icon>
						<thumb>$INFO[Window.Property(LatestMovie.8.Thumb)]</thumb>
						<onclick>PlayMedia($INFO[Window.Property(LatestMovie.8.Path)])</onclick>
						<visible>!String.IsEmpty(Window.Property(LatestMovie.8.Title))</visible>
					</item>
					<item id="9">
						<label>$INFO[Window.Property(LatestMovie.9.Title)]</label>
						<label2>-</label2>
						<icon>$INFO[Window.Property(LatestMovie.9.Icon)]</icon>
						<thumb>$INFO[Window.Property(LatestMovie.9.Thumb)]</thumb>
						<onclick>PlayMedia($INFO[Window.Property(LatestMovie.9.Path)])</onclick>
						<visible>!String.IsEmpty(Window.Property(LatestMovie.9.Title))</visible>
					</item>
					<item id="10">
						<label>$INFO[Window.Property(LatestMovie.10.Title)]</label>
						<label2>-</label2>
						<icon>$INFO[Window.Property(LatestMovie.10.Icon)]</icon>
						<thumb>$INFO[Window.Property(LatestMovie.10.Thumb)]</thumb>
						<onclick>PlayMedia($INFO[Window.Property(LatestMovie.10.Path)])</onclick>
						<visible>!String.IsEmpty(Window.Property(LatestMovie.10.Title))</visible>
					</item>
				</content>
			</control>
		</definition>
	</include>
	<include name="WidgetRecentlyAddedEpisodes">
		<definition>
			<include content="CategoryLabel">
				<param name="label">$PARAM[widget_header]</param>
				<param name="list_id" value="$PARAM[list_id]"/>
			</include>
			<control type="panel" id="$PARAM[list_id]">
				<left>0</left>
				<top>105</top>
				<right>0</right>
				<height>100%</height>
				<include content="WidgetListCommon">
					<param name="list_id" value="$PARAM[list_id]"/>
					<param name="list_orientation" value="vertical"/>
				</include>
				<itemlayout width="310" height="500">
					<control type="group">
						<left>70</left>
						<top>5</top>
						<include content="InfoWallEpisodeLayout">
							<param name="main_label" value="$INFO[ListItem.Label]" />
							<param name="sub_label" value="$INFO[ListItem.Label2]" />
							<param name="thumb_label" value="$INFO[ListItem.Property(ThumbLabel)]" />
							<param name="focused" value="false" />
						</include>
					</control>
				</itemlayout>
				<focusedlayout width="310" height="500">
					<control type="group">
						<depth>DepthContentPopout</depth>
						<left>70</left>
						<top>5</top>
						<animation type="Focus">
							<effect type="zoom" start="100" end="112" time="200" tween="sine" easing="inout" center="230,120" />
						</animation>
						<animation type="Unfocus">
							<effect type="zoom" start="112" end="100" time="200" tween="sine" easing="inout" center="230,120" />
						</animation>
						<include content="InfoWallEpisodeLayout">
							<param name="main_label" value="$INFO[ListItem.Label]" />
							<param name="sub_label" value="$INFO[ListItem.Label2]" />
							<param name="thumb_label" value="$INFO[ListItem.Property(ThumbLabel)]" />
							<param name="focused" value="true" />
						</include>
					</control>
				</focusedlayout>
				<content>
					<item id="1">
						<label>$INFO[Window.Property(LatestEpisode.1.ShowTitle)]</label>
						<label2>$INFO[Window.Property(LatestEpisode.1.EpisodeTitle)]</label2>
						<icon>$INFO[Window.Property(LatestEpisode.1.Thumb)]</icon>
						<thumb>$INFO[Window.Property(LatestEpisode.1.Thumb)]</thumb>
						<onclick>PlayMedia($INFO[Window.Property(LatestEpisode.1.Path)])</onclick>
						<visible>!String.IsEmpty(Window.Property(LatestEpisode.1.EpisodeTitle))</visible>
						<property name="ThumbLabel">$INFO[Window.Property(LatestEpisode.1.EpisodeSeason)]x$INFO[Window.Property(LatestEpisode.1.EpisodeNumber)]</property>
					</item>
					<item id="2">
						<label>$INFO[Window.Property(LatestEpisode.2.ShowTitle)]</label>
						<label2>$INFO[Window.Property(LatestEpisode.2.EpisodeTitle)]</label2>
						<icon>$INFO[Window.Property(LatestEpisode.2.Thumb)]</icon>
						<thumb>$INFO[Window.Property(LatestEpisode.2.Thumb)]</thumb>
						<onclick>PlayMedia($INFO[Window.Property(LatestEpisode.2.Path)])</onclick>
						<visible>!String.IsEmpty(Window.Property(LatestEpisode.2.EpisodeTitle))</visible>
						<property name="ThumbLabel">$INFO[Window.Property(LatestEpisode.2.EpisodeSeason)]x$INFO[Window.Property(LatestEpisode.2.EpisodeNumber)]</property>
					</item>
					<item id="3">
						<label>$INFO[Window.Property(LatestEpisode.3.ShowTitle)]</label>
						<label2>$INFO[Window.Property(LatestEpisode.3.EpisodeTitle)]</label2>
						<icon>$INFO[Window.Property(LatestEpisode.3.Thumb)]</icon>
						<thumb>$INFO[Window.Property(LatestEpisode.3.Thumb)]</thumb>
						<onclick>PlayMedia($INFO[Window.Property(LatestEpisode.3.Path)])</onclick>
						<visible>!String.IsEmpty(Window.Property(LatestEpisode.3.EpisodeTitle))</visible>
						<property name="ThumbLabel">$INFO[Window.Property(LatestEpisode.3.EpisodeSeason)]x$INFO[Window.Property(LatestEpisode.3.EpisodeNumber)]</property>
					</item>
					<item id="4">
						<label>$INFO[Window.Property(LatestEpisode.4.ShowTitle)]</label>
						<label2>$INFO[Window.Property(LatestEpisode.4.EpisodeTitle)]</label2>
						<icon>$INFO[Window.Property(LatestEpisode.4.Thumb)]</icon>
						<thumb>$INFO[Window.Property(LatestEpisode.4.Thumb)]</thumb>
						<onclick>PlayMedia($INFO[Window.Property(LatestEpisode.4.Path)])</onclick>
						<visible>!String.IsEmpty(Window.Property(LatestEpisode.4.EpisodeTitle))</visible>
						<property name="ThumbLabel">$INFO[Window.Property(LatestEpisode.4.EpisodeSeason)]x$INFO[Window.Property(LatestEpisode.4.EpisodeNumber)]</property>
					</item>
					<item id="5">
						<label>$INFO[Window.Property(LatestEpisode.5.ShowTitle)]</label>
						<label2>$INFO[Window.Property(LatestEpisode.5.EpisodeTitle)]</label2>
						<icon>$INFO[Window.Property(LatestEpisode.5.Thumb)]</icon>
						<thumb>$INFO[Window.Property(LatestEpisode.5.Thumb)]</thumb>
						<onclick>PlayMedia($INFO[Window.Property(LatestEpisode.5.Path)])</onclick>
						<visible>!String.IsEmpty(Window.Property(LatestEpisode.5.EpisodeTitle))</visible>
						<property name="ThumbLabel">$INFO[Window.Property(LatestEpisode.5.EpisodeSeason)]x$INFO[Window.Property(LatestEpisode.5.EpisodeNumber)]</property>
					</item>
					<item id="6">
						<label>$INFO[Window.Property(LatestEpisode.6.ShowTitle)]</label>
						<label2>$INFO[Window.Property(LatestEpisode.6.EpisodeTitle)]</label2>
						<icon>$INFO[Window.Property(LatestEpisode.6.Thumb)]</icon>
						<thumb>$INFO[Window.Property(LatestEpisode.6.Thumb)]</thumb>
						<onclick>PlayMedia($INFO[Window.Property(LatestEpisode.6.Path)])</onclick>
						<visible>!String.IsEmpty(Window.Property(LatestEpisode.6.EpisodeTitle))</visible>
						<property name="ThumbLabel">$INFO[Window.Property(LatestEpisode.6.EpisodeSeason)]x$INFO[Window.Property(LatestEpisode.6.EpisodeNumber)]</property>
					</item>
					<item id="7">
						<label>$INFO[Window.Property(LatestEpisode.7.ShowTitle)]</label>
						<label2>$INFO[Window.Property(LatestEpisode.7.EpisodeTitle)]</label2>
						<icon>$INFO[Window.Property(LatestEpisode.7.Thumb)]</icon>
						<thumb>$INFO[Window.Property(LatestEpisode.7.Thumb)]</thumb>
						<onclick>PlayMedia($INFO[Window.Property(LatestEpisode.7.Path)])</onclick>
						<visible>!String.IsEmpty(Window.Property(LatestEpisode.7.EpisodeTitle))</visible>
						<property name="ThumbLabel">$INFO[Window.Property(LatestEpisode.7.EpisodeSeason)]x$INFO[Window.Property(LatestEpisode.7.EpisodeNumber)]</property>
					</item>
					<item id="8">
						<label>$INFO[Window.Property(LatestEpisode.8.ShowTitle)]</label>
						<label2>$INFO[Window.Property(LatestEpisode.8.EpisodeTitle)]</label2>
						<icon>$INFO[Window.Property(LatestEpisode.8.Thumb)]</icon>
						<thumb>$INFO[Window.Property(LatestEpisode.8.Thumb)]</thumb>
						<onclick>PlayMedia($INFO[Window.Property(LatestEpisode.8.Path)])</onclick>
						<visible>!String.IsEmpty(Window.Property(LatestEpisode.8.EpisodeTitle))</visible>
						<property name="ThumbLabel">$INFO[Window.Property(LatestEpisode.8.EpisodeSeason)]x$INFO[Window.Property(LatestEpisode.8.EpisodeNumber)]</property>
					</item>
					<item id="9">
						<label>$INFO[Window.Property(LatestEpisode.9.ShowTitle)]</label>
						<label2>$INFO[Window.Property(LatestEpisode.9.EpisodeTitle)]</label2>
						<icon>$INFO[Window.Property(LatestEpisode.9.Thumb)]</icon>
						<thumb>$INFO[Window.Property(LatestEpisode.9.Thumb)]</thumb>
						<onclick>PlayMedia($INFO[Window.Property(LatestEpisode.9.Path)])</onclick>
						<visible>!String.IsEmpty(Window.Property(LatestEpisode.9.EpisodeTitle))</visible>
						<property name="ThumbLabel">$INFO[Window.Property(LatestEpisode.9.EpisodeSeason)]x$INFO[Window.Property(LatestEpisode.9.EpisodeNumber)]</property>
					</item>
					<item id="10">
						<label>$INFO[Window.Property(LatestEpisode.10.ShowTitle)]</label>
						<label2>$INFO[Window.Property(LatestEpisode.10.EpisodeTitle)]</label2>
						<icon>$INFO[Window.Property(LatestEpisode.10.Thumb)]</icon>
						<thumb>$INFO[Window.Property(LatestEpisode.10.Thumb)]</thumb>
						<onclick>PlayMedia($INFO[Window.Property(LatestEpisode.10.Path)])</onclick>
						<visible>!String.IsEmpty(Window.Property(LatestEpisode.10.EpisodeTitle))</visible>
						<property name="ThumbLabel">$INFO[Window.Property(LatestEpisode.10.EpisodeSeason)]x$INFO[Window.Property(LatestEpisode.10.EpisodeNumber)]</property>
					</item>
				</content>
			</control>
		</definition>
	</include>
	<include name="WidgetRecentlyAddedAlbums">
		<param name="fallback_icon">DefaultAudio.png</param>
		<definition>
			<include content="CategoryLabel">
				<param name="label">$PARAM[widget_header]</param>
				<param name="list_id" value="$PARAM[list_id]"/>
			</include>
			<control type="panel" id="$PARAM[list_id]">
				<left>0</left>
				<top>120</top>
				<right>0</right>
				<height>100%</height>
				<include content="WidgetListCommon">
					<param name="list_id" value="$PARAM[list_id]"/>
					<param name="list_orientation" value="vertical"/>
				</include>
				<itemlayout width="310" height="500">
					<control type="group">
						<left>70</left>
						<control type="image">
							<top>0</top>
							<width>316</width>
							<height>386</height>
							<texture>dialogs/dialog-bg-nobo.png</texture>
							<bordertexture border="21">overlays/shadow.png</bordertexture>
							<bordersize>20</bordersize>
						</control>
						<control type="image">
							<left>0</left>
							<top>0</top>
							<width>316</width>
							<height>316</height>
							<texture fallback="$PARAM[fallback_image]" background="true">$VAR[InfoWallThumbVar]</texture>
							<aspectratio>keep</aspectratio>
							<bordersize>20</bordersize>
						</control>
						<control type="group">
							<control type="label">
								<left>29</left>
								<top>300</top>
								<width>260</width>
								<label>$INFO[ListItem.Label]</label>
								<font>font10</font>
								<shadowcolor>text_shadow</shadowcolor>
								<align>center</align>
							</control>
							<control type="label">
								<left>29</left>
								<top>328</top>
								<width>260</width>
								<label>$INFO[ListItem.Label2]</label>
								<font>font12</font>
								<shadowcolor>text_shadow</shadowcolor>
								<align>center</align>
							</control>
						</control>
					</control>
				</itemlayout>
				<focusedlayout width="310" height="500">
					<control type="group">
						<depth>DepthContentPopout</depth>
						<left>70</left>
						<animation type="Focus">
							<effect type="zoom" start="100" end="112" time="200" tween="sine" easing="inout" center="240,120" />
						</animation>
						<animation type="Unfocus">
							<effect type="zoom" start="112" end="100" time="200" tween="sine" easing="inout" center="240,120" />
						</animation>
						<control type="image">
							<top>0</top>
							<width>316</width>
							<height>386</height>
							<texture>dialogs/dialog-bg-nobo.png</texture>
							<bordertexture border="21">overlays/shadow.png</bordertexture>
							<bordersize>20</bordersize>
						</control>
						<control type="image">
							<top>-4</top>
							<left>-4</left>
							<width>324</width>
							<height>394</height>
							<texture colordiffuse="button_focus">colors/grey.png</texture>
							<bordertexture border="21">overlays/shadow.png</bordertexture>
							<bordersize>20</bordersize>
							<include>Animation_FocusTextureFade</include>
						</control>
						<control type="image">
							<left>0</left>
							<top>0</top>
							<width>316</width>
							<height>316</height>
							<texture fallback="$PARAM[fallback_image]" background="true">$VAR[InfoWallThumbVar]</texture>
							<aspectratio>keep</aspectratio>
							<bordersize>20</bordersize>
						</control>
						<control type="group">
							<control type="label">
								<left>29</left>
								<top>300</top>
								<width>260</width>
								<label>$INFO[ListItem.Label]</label>
								<font>font10</font>
								<shadowcolor>text_shadow</shadowcolor>
								<scroll>true</scroll>
								<align>center</align>
							</control>
							<control type="label">
								<left>29</left>
								<top>328</top>
								<width>260</width>
								<label>$INFO[ListItem.Label2]</label>
								<font>font12</font>
								<shadowcolor>text_shadow</shadowcolor>
								<scroll>true</scroll>
								<align>center</align>
							</control>
						</control>
					</control>
				</focusedlayout>
				<content>
					<item id="1">
						<label>$INFO[Window.Property(LatestAlbum.1.Title)]</label>
						<label2>$INFO[Window.Property(LatestAlbum.1.Artist)]</label2>
						<icon>$INFO[Window.Property(LatestAlbum.1.Thumb)]</icon>
						<thumb>$INFO[Window.Property(LatestAlbum.1.Thumb)]</thumb>
						<onclick>PlayList.Clear</onclick>
						<onclick>PlayMedia(&quot;$INFO[Window.Property(LatestAlbum.1.Path)]&quot;)</onclick>
						<visible>!String.IsEmpty(Window.Property(LatestAlbum.1.Title))</visible>
					</item>
					<item id="2">
						<label>$INFO[Window.Property(LatestAlbum.2.Title)]</label>
						<label2>$INFO[Window.Property(LatestAlbum.2.Artist)]</label2>
						<icon>$INFO[Window.Property(LatestAlbum.2.Thumb)]</icon>
						<thumb>$INFO[Window.Property(LatestAlbum.2.Thumb)]</thumb>
						<onclick>PlayList.Clear</onclick>
						<onclick>PlayMedia(&quot;$INFO[Window.Property(LatestAlbum.2.Path)]&quot;)</onclick>
						<visible>!String.IsEmpty(Window.Property(LatestAlbum.2.Title))</visible>
					</item>
					<item id="3">
						<label>$INFO[Window.Property(LatestAlbum.3.Title)]</label>
						<label2>$INFO[Window.Property(LatestAlbum.3.Artist)]</label2>
						<icon>$INFO[Window.Property(LatestAlbum.3.Thumb)]</icon>
						<thumb>$INFO[Window.Property(LatestAlbum.3.Thumb)]</thumb>
						<onclick>PlayList.Clear</onclick>
						<onclick>PlayMedia(&quot;$INFO[Window.Property(LatestAlbum.3.Path)]&quot;)</onclick>
						<visible>!String.IsEmpty(Window.Property(LatestAlbum.3.Title))</visible>
					</item>
					<item id="4">
						<label>$INFO[Window.Property(LatestAlbum.4.Title)]</label>
						<label2>$INFO[Window.Property(LatestAlbum.4.Artist)]</label2>
						<icon>$INFO[Window.Property(LatestAlbum.4.Thumb)]</icon>
						<thumb>$INFO[Window.Property(LatestAlbum.4.Thumb)]</thumb>
						<onclick>PlayList.Clear</onclick>
						<onclick>PlayMedia(&quot;$INFO[Window.Property(LatestAlbum.4.Path)]&quot;)</onclick>
						<visible>!String.IsEmpty(Window.Property(LatestAlbum.4.Title))</visible>
					</item>
					<item id="5">
						<label>$INFO[Window.Property(LatestAlbum.5.Title)]</label>
						<label2>$INFO[Window.Property(LatestAlbum.5.Artist)]</label2>
						<icon>$INFO[Window.Property(LatestAlbum.5.Thumb)]</icon>
						<thumb>$INFO[Window.Property(LatestAlbum.5.Thumb)]</thumb>
						<onclick>PlayList.Clear</onclick>
						<onclick>PlayMedia(&quot;$INFO[Window.Property(LatestAlbum.5.Path)]&quot;)</onclick>
						<visible>!String.IsEmpty(Window.Property(LatestAlbum.5.Title))</visible>
					</item>
					<item id="6">
						<label>$INFO[Window.Property(LatestAlbum.6.Title)]</label>
						<label2>$INFO[Window.Property(LatestAlbum.6.Artist)]</label2>
						<icon>$INFO[Window.Property(LatestAlbum.6.Thumb)]</icon>
						<thumb>$INFO[Window.Property(LatestAlbum.6.Thumb)]</thumb>
						<onclick>PlayList.Clear</onclick>
						<onclick>PlayMedia(&quot;$INFO[Window.Property(LatestAlbum.6.Path)]&quot;)</onclick>
						<visible>!String.IsEmpty(Window.Property(LatestAlbum.6.Title))</visible>
					</item>
					<item id="7">
						<label>$INFO[Window.Property(LatestAlbum.7.Title)]</label>
						<label2>$INFO[Window.Property(LatestAlbum.7.Artist)]</label2>
						<icon>$INFO[Window.Property(LatestAlbum.7.Thumb)]</icon>
						<thumb>$INFO[Window.Property(LatestAlbum.7.Thumb)]</thumb>
						<onclick>PlayList.Clear</onclick>
						<onclick>PlayMedia(&quot;$INFO[Window.Property(LatestAlbum.7.Path)]&quot;)</onclick>
						<visible>!String.IsEmpty(Window.Property(LatestAlbum.7.Title))</visible>
					</item>
					<item id="8">
						<label>$INFO[Window.Property(LatestAlbum.8.Title)]</label>
						<label2>$INFO[Window.Property(LatestAlbum.8.Artist)]</label2>
						<icon>$INFO[Window.Property(LatestAlbum.8.Thumb)]</icon>
						<thumb>$INFO[Window.Property(LatestAlbum.8.Thumb)]</thumb>
						<onclick>PlayList.Clear</onclick>
						<onclick>PlayMedia(&quot;$INFO[Window.Property(LatestAlbum.8.Path)]&quot;)</onclick>
						<visible>!String.IsEmpty(Window.Property(LatestAlbum.8.Title))</visible>
					</item>
					<item id="9">
						<label>$INFO[Window.Property(LatestAlbum.9.Title)]</label>
						<label2>$INFO[Window.Property(LatestAlbum.9.Artist)]</label2>
						<icon>$INFO[Window.Property(LatestAlbum.9.Thumb)]</icon>
						<thumb>$INFO[Window.Property(LatestAlbum.9.Thumb)]</thumb>
						<onclick>PlayList.Clear</onclick>
						<onclick>PlayMedia(&quot;$INFO[Window.Property(LatestAlbum.9.Path)]&quot;)</onclick>
						<visible>!String.IsEmpty(Window.Property(LatestAlbum.9.Title))</visible>
					</item>
					<item id="10">
						<label>$INFO[Window.Property(LatestAlbum.10.Title)]</label>
						<label2>$INFO[Window.Property(LatestAlbum.10.Artist)]</label2>
						<icon>$INFO[Window.Property(LatestAlbum.10.Thumb)]</icon>
						<thumb>$INFO[Window.Property(LatestAlbum.10.Thumb)]</thumb>
						<onclick>PlayList.Clear</onclick>
						<onclick>PlayMedia(&quot;$INFO[Window.Property(LatestAlbum.10.Path)]&quot;)</onclick>
						<visible>!String.IsEmpty(Window.Property(LatestAlbum.10.Title))</visible>
					</item>
				</content>
			</control>
		</definition>
	</include>
	<include name="WidgetRecentlyAddedMusicVideos">
		<definition>
			<include content="CategoryLabel">
				<param name="label">$PARAM[widget_header]</param>
				<param name="list_id" value="$PARAM[list_id]"/>
			</include>
			<control type="panel" id="$PARAM[list_id]">
				<left>0</left>
				<top>105</top>
				<right>0</right>
				<height>100%</height>
				<include content="WidgetListCommon">
					<param name="list_id" value="$PARAM[list_id]"/>
					<param name="list_orientation" value="vertical"/>
				</include>
				<itemlayout width="310" height="500">
					<control type="group">
						<left>70</left>
						<top>5</top>
						<include content="InfoWallEpisodeLayout">
							<param name="main_label" value="$INFO[ListItem.Label]" />
							<param name="sub_label" value="$INFO[ListItem.Label2]" />
							<param name="thumb_label" value="$INFO[ListItem.Property(ThumbLabel)]" />
							<param name="focused" value="false" />
						</include>
					</control>
				</itemlayout>
				<focusedlayout width="310" height="500">
					<control type="group">
						<depth>DepthContentPopout</depth>
						<left>70</left>
						<top>5</top>
						<animation type="Focus">
							<effect type="zoom" start="100" end="112" time="200" tween="sine" easing="inout" center="230,120" />
						</animation>
						<animation type="Unfocus">
							<effect type="zoom" start="112" end="100" time="200" tween="sine" easing="inout" center="230,120" />
						</animation>
						<include content="InfoWallEpisodeLayout">
							<param name="main_label" value="$INFO[ListItem.Label]" />
							<param name="sub_label" value="$INFO[ListItem.Label2]" />
							<param name="thumb_label" value="$INFO[ListItem.Property(ThumbLabel)]" />
							<param name="focused" value="true" />
						</include>
					</control>
				</focusedlayout>
				<content>
					<item id="1">
						<label>$INFO[Window.Property(LatestMusicVideo.1.Title)]</label>
						<label2>$INFO[Window.Property(LatestMusicVideo.1.Artist)]</label2>
						<icon>$INFO[Window.Property(LatestMusicVideo.1.Thumb)]</icon>
						<thumb>$INFO[Window.Property(LatestMusicVideo.1.Thumb)]</thumb>
						<onclick>PlayMedia($INFO[Window.Property(LatestMusicVideo.1.Path)])</onclick>
						<visible>!String.IsEmpty(Window.Property(LatestMusicVideo.1.Title))</visible>
						<property name="ThumbLabel">$INFO[Window.Property(LatestMusicVideo.1.Year)]</property>
					</item>
					<item id="2">
						<label>$INFO[Window.Property(LatestMusicVideo.2.Title)]</label>
						<label2>$INFO[Window.Property(LatestMusicVideo.2.Artist)]</label2>
						<icon>$INFO[Window.Property(LatestMusicVideo.2.Thumb)]</icon>
						<thumb>$INFO[Window.Property(LatestMusicVideo.2.Thumb)]</thumb>
						<onclick>PlayMedia($INFO[Window.Property(LatestMusicVideo.2.Path)])</onclick>
						<visible>!String.IsEmpty(Window.Property(LatestMusicVideo.2.Title))</visible>
						<property name="ThumbLabel">$INFO[Window.Property(LatestMusicVideo.2.Year)]</property>
					</item>
					<item id="3">
						<label>$INFO[Window.Property(LatestMusicVideo.3.Title)]</label>
						<label2>$INFO[Window.Property(LatestMusicVideo.3.Artist)]</label2>
						<icon>$INFO[Window.Property(LatestMusicVideo.3.Thumb)]</icon>
						<thumb>$INFO[Window.Property(LatestMusicVideo.3.Thumb)]</thumb>
						<onclick>PlayMedia($INFO[Window.Property(LatestMusicVideo.3.Path)])</onclick>
						<visible>!String.IsEmpty(Window.Property(LatestMusicVideo.3.Title))</visible>
						<property name="ThumbLabel">$INFO[Window.Property(LatestMusicVideo.3.Year)]</property>
					</item>
					<item id="4">
						<label>$INFO[Window.Property(LatestMusicVideo.4.Title)]</label>
						<label2>$INFO[Window.Property(LatestMusicVideo.4.Artist)]</label2>
						<icon>$INFO[Window.Property(LatestMusicVideo.4.Thumb)]</icon>
						<thumb>$INFO[Window.Property(LatestMusicVideo.4.Thumb)]</thumb>
						<onclick>PlayMedia($INFO[Window.Property(LatestMusicVideo.4.Path)])</onclick>
						<visible>!String.IsEmpty(Window.Property(LatestMusicVideo.4.Title))</visible>
						<property name="ThumbLabel">$INFO[Window.Property(LatestMusicVideo.4.Year)]</property>
					</item>
					<item id="5">
						<label>$INFO[Window.Property(LatestMusicVideo.5.Title)]</label>
						<label2>$INFO[Window.Property(LatestMusicVideo.5.Artist)]</label2>
						<icon>$INFO[Window.Property(LatestMusicVideo.5.Thumb)]</icon>
						<thumb>$INFO[Window.Property(LatestMusicVideo.5.Thumb)]</thumb>
						<onclick>PlayMedia($INFO[Window.Property(LatestMusicVideo.5.Path)])</onclick>
						<visible>!String.IsEmpty(Window.Property(LatestMusicVideo.5.Title))</visible>
						<property name="ThumbLabel">$INFO[Window.Property(LatestMusicVideo.5.Year)]</property>
					</item>
					<item id="6">
						<label>$INFO[Window.Property(LatestMusicVideo.6.Title)]</label>
						<label2>$INFO[Window.Property(LatestMusicVideo.6.Artist)]</label2>
						<icon>$INFO[Window.Property(LatestMusicVideo.6.Thumb)]</icon>
						<thumb>$INFO[Window.Property(LatestMusicVideo.6.Thumb)]</thumb>
						<onclick>PlayMedia($INFO[Window.Property(LatestMusicVideo.6.Path)])</onclick>
						<visible>!String.IsEmpty(Window.Property(LatestMusicVideo.6.Title))</visible>
						<property name="ThumbLabel">$INFO[Window.Property(LatestMusicVideo.6.Year)]</property>
					</item>
					<item id="7">
						<label>$INFO[Window.Property(LatestMusicVideo.7.Title)]</label>
						<label2>$INFO[Window.Property(LatestMusicVideo.7.Artist)]</label2>
						<icon>$INFO[Window.Property(LatestMusicVideo.7.Thumb)]</icon>
						<thumb>$INFO[Window.Property(LatestMusicVideo.7.Thumb)]</thumb>
						<onclick>PlayMedia($INFO[Window.Property(LatestMusicVideo.7.Path)])</onclick>
						<visible>!String.IsEmpty(Window.Property(LatestMusicVideo.7.Title))</visible>
						<property name="ThumbLabel">$INFO[Window.Property(LatestMusicVideo.7.Year)]</property>
					</item>
					<item id="8">
						<label>$INFO[Window.Property(LatestMusicVideo.8.Title)]</label>
						<label2>$INFO[Window.Property(LatestMusicVideo.8.Artist)]</label2>
						<icon>$INFO[Window.Property(LatestMusicVideo.8.Thumb)]</icon>
						<thumb>$INFO[Window.Property(LatestMusicVideo.8.Thumb)]</thumb>
						<onclick>PlayMedia($INFO[Window.Property(LatestMusicVideo.8.Path)])</onclick>
						<visible>!String.IsEmpty(Window.Property(LatestMusicVideo.8.Title))</visible>
						<property name="ThumbLabel">$INFO[Window.Property(LatestMusicVideo.8.Year)]</property>
					</item>
					<item id="9">
						<label>$INFO[Window.Property(LatestMusicVideo.9.Title)]</label>
						<label2>$INFO[Window.Property(LatestMusicVideo.9.Artist)]</label2>
						<icon>$INFO[Window.Property(LatestMusicVideo.9.Thumb)]</icon>
						<thumb>$INFO[Window.Property(LatestMusicVideo.9.Thumb)]</thumb>
						<onclick>PlayMedia($INFO[Window.Property(LatestMusicVideo.9.Path)])</onclick>
						<visible>!String.IsEmpty(Window.Property(LatestMusicVideo.9.Title))</visible>
						<property name="ThumbLabel">$INFO[Window.Property(LatestMusicVideo.9.Year)]</property>
					</item>
					<item id="10">
						<label>$INFO[Window.Property(LatestMusicVideo.10.Title)]</label>
						<label2>$INFO[Window.Property(LatestMusicVideo.10.Artist)]</label2>
						<icon>$INFO[Window.Property(LatestMusicVideo.10.Thumb)]</icon>
						<thumb>$INFO[Window.Property(LatestMusicVideo.10.Thumb)]</thumb>
						<onclick>PlayMedia($INFO[Window.Property(LatestMusicVideo.10.Path)])</onclick>
						<visible>!String.IsEmpty(Window.Property(LatestMusicVideo.10.Title))</visible>
						<property name="ThumbLabel">$INFO[Window.Property(LatestMusicVideo.10.Year)]</property>
					</item>
				</content>
			</control>
		</definition>
	</include>
	<include name="GameInfo">
		<definition>
			<control type="group">
				<top>0</top>
				<control type="label">
					<top>0</top>
					<left>$PARAM[position]</left>
					<width>240</width>
					<height>auto</height>
					<align>center</align>
					<label>$PARAM[label]</label>
					<shadowcolor>text_shadow</shadowcolor>
				</control>
				<control type="label">
					<top>40</top>
					<left>$PARAM[position]</left>
					<width>240</width>
					<height>auto</height>
					<align>center</align>
					<label>$PARAM[value]</label>
					<shadowcolor>text_shadow</shadowcolor>
				</control>
			</control>
		</definition>
	</include>
	<include name="FeatureImage">
		<definition>
			<control type="image">
				<left>0</left>
				<top>$PARAM[position]</top>
				<width>35</width>
				<height>35</height>
				<texture>$PARAM[texture]</texture>
				<include>Animation_FocusTextureFade</include>
				<visible>$PARAM[available]</visible>
			</control>
			<control type="image">
				<left>0</left>
				<top>$PARAM[position]</top>
				<width>35</width>
				<height>35</height>
				<texture colordiffuse="disabled">$PARAM[texture]</texture>
				<include>Animation_FocusTextureFade</include>
				<visible>!$PARAM[available]</visible>
			</control>
		</definition>
	</include>
</includes>
