<?xml version="1.0" encoding="UTF-8"?>
<addon
  id="screensaver.asteroids"
  version="1.0.0"
  name="Asteroids"
  provider-name="Team XBMC">
  <requires>
    <c-pluff version="0.1"/>
  </requires>
  <extension
    point="xbmc.ui.screensaver"
    library_xbox="Asteroids.xbs"/>
  <extension point="xbmc.addon.metadata">
    <summary>Asteroids screensaver</summary>
    <description>An old-style screen saver where the asteroids are shot away.</description>
    <disclaimer></disclaimer>
    <platform>xbox</platform>
  </extension>
</addon>
